<?xml version="1.0" encoding="UTF-8"?>
<con:soapui-project id="db240206-0019-42da-9a6f-b6a639bd8a7b" activeEnvironment="Default" name="REST Project 1" resourceRoot="" soapui-version="5.7.0" abortOnError="false" runType="SEQUENTIAL" xmlns:con="http://eviware.com/soapui/config"><con:settings/><con:interface xsi:type="con:RestService" id="79223c3a-07ed-454a-9fa3-92f4f2c2c956" wadlVersion="http://wadl.dev.java.net/2009/02" name="http://localhost:8000" type="rest" xmlns:xsi="http://www.w3.org/2001/XMLSchema-instance"><con:settings/><con:definitionCache type="TEXT" rootPart=""/><con:endpoints><con:endpoint>http://localhost:8000</con:endpoint></con:endpoints><con:resource name="GetAndPut" path="/rest/country/1001" id="c73e6630-1686-4984-84b9-b47163d17482"><con:settings/><con:parameters><con:parameter><con:name>id</con:name><con:style>TEMPLATE</con:style></con:parameter></con:parameters><con:method name="GET" id="a0adb62b-0937-49f8-9e6b-fa1a3b09a561" method="GET"><con:settings/><con:parameters/><con:representation type="RESPONSE"><con:mediaType xsi:nil="true"/><con:status>0</con:status><con:params/><con:element>data</con:element></con:representation><con:representation type="RESPONSE"><con:mediaType>application/json</con:mediaType><con:status>200</con:status><con:params/><con:element xmlns:rest="http://localhost/rest">rest:Response</con:element></con:representation><con:representation type="FAULT"><con:mediaType>text/html; charset=utf-8</con:mediaType><con:status>500</con:status><con:params/><con:element>html</con:element></con:representation><con:request name="getCountryById" id="81b8ad40-f02c-4d50-a14c-c49e37715e2a" mediaType="application/json"><con:settings><con:setting id="com.eviware.soapui.impl.wsdl.WsdlRequest@request-headers">&lt;xml-fragment/></con:setting></con:settings><con:endpoint>http://localhost:8000</con:endpoint><con:request/><con:originalUri>http://localhost/rest</con:originalUri><con:credentials><con:authType>No Authorization</con:authType></con:credentials><con:jmsConfig JMSDeliveryMode="PERSISTENT"/><con:jmsPropertyConfig/><con:parameters/></con:request></con:method><con:method name="PUT" id="85cd9858-22a1-40ee-bfcf-de232a8bb728" method="PUT"><con:settings/><con:parameters/><con:representation type="REQUEST"><con:mediaType>application/json</con:mediaType><con:params/></con:representation><con:representation type="FAULT"><con:mediaType>text/html; charset=utf-8</con:mediaType><con:status>500</con:status><con:params/><con:element>html</con:element></con:representation><con:representation type="RESPONSE"><con:mediaType>application/json</con:mediaType><con:status>200</con:status><con:params/><con:element xmlns:coun="http://localhost/rest/country">coun:Response</con:element></con:representation><con:representation type="RESPONSE"><con:mediaType xsi:nil="true"/><con:status>0</con:status><con:params/><con:element>data</con:element></con:representation><con:representation type="RESPONSE"><con:mediaType xsi:nil="true"/><con:status>0</con:status><con:params/><con:element>data</con:element></con:representation><con:representation type="RESPONSE"><con:mediaType xsi:nil="true"/><con:status>0</con:status><con:params/><con:element>data</con:element></con:representation><con:representation type="RESPONSE"><con:mediaType xsi:nil="true"/><con:status>0</con:status><con:params/><con:element>data</con:element></con:representation><con:request name="updateCountry" id="1656b850-411f-4beb-8b61-ae19208ac250" mediaType="application/json" postQueryString="false"><con:settings><con:setting id="com.eviware.soapui.impl.wsdl.WsdlRequest@request-headers">&lt;xml-fragment/></con:setting></con:settings><con:endpoint>http://localhost:8000</con:endpoint><con:request>{
    "name": "Japon",
    "capital": "Tokyo",
    "currency": "JPY"
}</con:request><con:originalUri>http://localhost/rest/country</con:originalUri><con:credentials><con:authType>No Authorization</con:authType></con:credentials><con:jmsConfig JMSDeliveryMode="PERSISTENT"/><con:jmsPropertyConfig/><con:parameters/></con:request></con:method></con:resource><con:resource name="Create" path="/rest/country" id="8f83834b-8a45-40a2-8a43-ff8d4ad7e374"><con:settings/><con:parameters/><con:method name="createCountry" id="3fbb97c9-9da1-45b8-beb9-eb832fd93145" method="POST"><con:settings/><con:parameters/><con:representation type="REQUEST"><con:mediaType>application/json</con:mediaType><con:params/></con:representation><con:representation type="RESPONSE"><con:mediaType>application/json</con:mediaType><con:status>200</con:status><con:params/><con:element xmlns:coun="http://localhost/rest/country">coun:Response</con:element></con:representation><con:request name="Create" id="9a25f4e3-f06c-4e68-9c39-f91eb52871c1" mediaType="application/json" postQueryString="false"><con:settings><con:setting id="com.eviware.soapui.impl.wsdl.WsdlRequest@request-headers">&lt;xml-fragment/></con:setting></con:settings><con:endpoint>http://localhost:8000</con:endpoint><con:request>{
    "name": "Japon",
    "capital": "Tokyo",
    "currency": "JPY"
}</con:request><con:originalUri>http://localhost/rest/country</con:originalUri><con:credentials><con:authType>No Authorization</con:authType></con:credentials><con:jmsConfig JMSDeliveryMode="PERSISTENT"/><con:jmsPropertyConfig/><con:parameters/></con:request></con:method></con:resource><con:resource name="delete" path="/rest/country/11111" id="7f3ba5ff-310c-4749-8f41-07ea42e2a514"><con:settings/><con:parameters><con:parameter><con:name>id</con:name><con:value/><con:style>TEMPLATE</con:style><con:default/></con:parameter></con:parameters><con:method name="deleteCountry" id="88a84fcc-0bcf-4caa-a810-0c69acb5c7d8" method="DELETE"><con:settings/><con:parameters/><con:representation type="RESPONSE"><con:mediaType>application/json</con:mediaType><con:status>200</con:status><con:params/><con:element xmlns:ns="http://localhost/rest/country/2000">ns:Response</con:element></con:representation><con:representation type="RESPONSE"><con:mediaType xsi:nil="true"/><con:status>0</con:status><con:params/><con:element>data</con:element></con:representation><con:representation type="RESPONSE"><con:mediaType xsi:nil="true"/><con:status>0</con:status><con:params/><con:element>data</con:element></con:representation><con:representation type="REQUEST"><con:mediaType>application/json</con:mediaType><con:params/></con:representation><con:representation type="FAULT"><con:mediaType>text/html; charset=utf-8</con:mediaType><con:status>404</con:status><con:params/><con:element>html</con:element></con:representation><con:request name="Request 1" id="4be730b4-afdd-41f4-9ff8-387dc89c5ea2" mediaType="application/json" postQueryString="false"><con:settings><con:setting id="com.eviware.soapui.impl.wsdl.WsdlRequest@request-headers">&lt;xml-fragment/></con:setting></con:settings><con:endpoint>http://localhost:8000</con:endpoint><con:request/><con:originalUri>http://localhost/rest/country/</con:originalUri><con:credentials><con:authType>No Authorization</con:authType></con:credentials><con:jmsConfig JMSDeliveryMode="PERSISTENT"/><con:jmsPropertyConfig/><con:parameters><entry key="id" value="" xmlns="http://eviware.com/soapui/config"/></con:parameters><con:parameterOrder><con:entry>id</con:entry></con:parameterOrder></con:request></con:method></con:resource></con:interface><con:testSuite id="79f7a3ac-e2ee-47ff-b189-1292efb58bab" name="Test"><con:settings/><con:runType>SEQUENTIAL</con:runType><con:testCase id="1763e10c-cbdd-4366-9899-1f56ce29604b" failOnError="true" failTestCaseOnErrors="true" keepSession="false" maxResults="0" name="Get" searchProperties="true"><con:settings/><con:testStep type="restrequest" name="GET - getCountryById" id="96c36938-27b8-49f6-afb5-2adc33e7a210"><con:settings/><con:config service="http://localhost:8000" resourcePath="/rest/country/1001" methodName="GET" xsi:type="con:RestRequestStep" xmlns:xsi="http://www.w3.org/2001/XMLSchema-instance"><con:restRequest name="GET - getCountryById" id="81b8ad40-f02c-4d50-a14c-c49e37715e2a" mediaType="application/json"><con:settings><con:setting id="com.eviware.soapui.impl.wsdl.WsdlRequest@request-headers">&lt;xml-fragment/></con:setting></con:settings><con:endpoint>http://localhost:8000</con:endpoint><con:request/><con:originalUri>http://localhost/rest</con:originalUri><con:credentials><con:authType>No Authorization</con:authType></con:credentials><con:jmsConfig JMSDeliveryMode="PERSISTENT"/><con:jmsPropertyConfig/><con:parameters/></con:restRequest></con:config></con:testStep><con:loadTest id="d51c60ac-6536-49cb-8832-e7d377518481" name="LoadTest 1"><con:settings><con:setting id="HttpSettings@close-connections">false</con:setting></con:settings><con:threadCount>100</con:threadCount><con:startDelay>0</con:startDelay><con:sampleInterval>250</con:sampleInterval><con:calculateTPSOnTimePassed>true</con:calculateTPSOnTimePassed><con:resetStatisticsOnThreadCountChange>true</con:resetStatisticsOnThreadCountChange><con:historyLimit>-1</con:historyLimit><con:testLimit>60</con:testLimit><con:limitType>TIME</con:limitType><con:loadStrategy><con:type>Simple</con:type></con:loadStrategy><con:assertion type="Step Status" name="Step Status"/><con:maxAssertionErrors>100</con:maxAssertionErrors><con:cancelExcessiveThreads>true</con:cancelExcessiveThreads><con:strategyInterval>500</con:strategyInterval></con:loadTest><con:properties/></con:testCase><con:testCase id="5e595a5a-046c-42aa-a9ac-8cd83730ace7" failOnError="true" failTestCaseOnErrors="true" keepSession="false" maxResults="0" name="Update" searchProperties="true"><con:settings/><con:testStep type="restrequest" name="PUT - updateCountry" id="12b4b322-9af9-43c0-9b77-0b1238e94126"><con:settings/><con:config service="http://localhost:8000" resourcePath="/rest/country/1001" methodName="PUT" xsi:type="con:RestRequestStep" xmlns:xsi="http://www.w3.org/2001/XMLSchema-instance"><con:restRequest name="PUT - updateCountry" id="1656b850-411f-4beb-8b61-ae19208ac250" mediaType="application/json" postQueryString="false"><con:settings><con:setting id="com.eviware.soapui.impl.wsdl.WsdlRequest@request-headers">&lt;xml-fragment/></con:setting></con:settings><con:endpoint>http://localhost:8000</con:endpoint><con:request>{
    "name": "Japon",
    "capital": "Tokyo",
    "currency": "JPY"
}</con:request><con:originalUri>http://localhost/rest/country</con:originalUri><con:credentials><con:authType>No Authorization</con:authType></con:credentials><con:jmsConfig JMSDeliveryMode="PERSISTENT"/><con:jmsPropertyConfig/><con:parameters/></con:restRequest></con:config></con:testStep><con:loadTest id="ee3f4032-3285-489b-8d64-edd76b60f54f" name="update"><con:settings><con:setting id="HttpSettings@close-connections">false</con:setting></con:settings><con:threadCount>100</con:threadCount><con:startDelay>0</con:startDelay><con:sampleInterval>250</con:sampleInterval><con:calculateTPSOnTimePassed>true</con:calculateTPSOnTimePassed><con:resetStatisticsOnThreadCountChange>true</con:resetStatisticsOnThreadCountChange><con:historyLimit>-1</con:historyLimit><con:testLimit>60</con:testLimit><con:limitType>TIME</con:limitType><con:loadStrategy><con:type>Simple</con:type></con:loadStrategy><con:assertion type="Step Status" name="Step Status"/><con:maxAssertionErrors>100</con:maxAssertionErrors><con:cancelExcessiveThreads>true</con:cancelExcessiveThreads><con:strategyInterval>500</con:strategyInterval></con:loadTest><con:properties/></con:testCase><con:testCase id="d564e0af-91f0-45e5-9577-be1801851c55" failOnError="true" failTestCaseOnErrors="true" keepSession="false" maxResults="0" name="create" searchProperties="true"><con:settings/><con:testStep type="restrequest" name="createCountry - Create" id="90fb6a1c-36b7-4d5c-95d0-eccead08d61a"><con:settings/><con:config service="http://localhost:8000" resourcePath="/rest/country" methodName="createCountry" xsi:type="con:RestRequestStep" xmlns:xsi="http://www.w3.org/2001/XMLSchema-instance"><con:restRequest name="createCountry - Create" id="9a25f4e3-f06c-4e68-9c39-f91eb52871c1" mediaType="application/json" postQueryString="false"><con:settings><con:setting id="com.eviware.soapui.impl.wsdl.WsdlRequest@request-headers">&lt;xml-fragment/></con:setting></con:settings><con:endpoint>http://localhost:8000</con:endpoint><con:request>{
    "name": "Japon",
    "capital": "Tokyo",
    "currency": "JPY"
}</con:request><con:originalUri>http://localhost/rest/country</con:originalUri><con:credentials><con:authType>No Authorization</con:authType></con:credentials><con:jmsConfig JMSDeliveryMode="PERSISTENT"/><con:jmsPropertyConfig/><con:parameters/></con:restRequest></con:config></con:testStep><con:loadTest id="065558ad-999d-4e2f-86e0-b922d7e6f664" name="LoadTest 1"><con:settings><con:setting id="HttpSettings@close-connections">false</con:setting></con:settings><con:threadCount>100</con:threadCount><con:startDelay>0</con:startDelay><con:sampleInterval>250</con:sampleInterval><con:calculateTPSOnTimePassed>true</con:calculateTPSOnTimePassed><con:resetStatisticsOnThreadCountChange>true</con:resetStatisticsOnThreadCountChange><con:historyLimit>-1</con:historyLimit><con:testLimit>60</con:testLimit><con:limitType>TIME</con:limitType><con:loadStrategy><con:type>Simple</con:type></con:loadStrategy><con:assertion type="Step Status" name="Step Status"/><con:maxAssertionErrors>100</con:maxAssertionErrors><con:cancelExcessiveThreads>true</con:cancelExcessiveThreads><con:strategyInterval>500</con:strategyInterval></con:loadTest><con:properties/></con:testCase><con:testCase id="9bce50cb-bec8-463a-a98e-caaa74c77f30" failOnError="true" failTestCaseOnErrors="true" keepSession="false" maxResults="0" name="delete" searchProperties="true"><con:settings/><con:testStep type="restrequest" name="deleteCountry - Request 1" id="3e678f21-2013-4550-8d8e-4eb3ae2e40fb"><con:settings/><con:config service="http://localhost:8000" resourcePath="/rest/country/11111" methodName="deleteCountry" xsi:type="con:RestRequestStep" xmlns:xsi="http://www.w3.org/2001/XMLSchema-instance"><con:restRequest name="deleteCountry - Request 1" id="4be730b4-afdd-41f4-9ff8-387dc89c5ea2" mediaType="application/json" postQueryString="false"><con:settings><con:setting id="com.eviware.soapui.impl.wsdl.WsdlRequest@request-headers">&lt;xml-fragment/></con:setting></con:settings><con:endpoint>http://localhost:8000</con:endpoint><con:request/><con:originalUri>http://localhost/rest/country/</con:originalUri><con:credentials><con:authType>No Authorization</con:authType></con:credentials><con:jmsConfig JMSDeliveryMode="PERSISTENT"/><con:jmsPropertyConfig/><con:parameters><entry key="id" value="" xmlns="http://eviware.com/soapui/config"/></con:parameters><con:parameterOrder><con:entry>id</con:entry></con:parameterOrder></con:restRequest></con:config></con:testStep><con:loadTest id="d124d79c-d742-42d6-8de1-30e4e69aae27" name="LoadTest 1"><con:settings><con:setting id="HttpSettings@close-connections">false</con:setting></con:settings><con:threadCount>100</con:threadCount><con:startDelay>0</con:startDelay><con:sampleInterval>250</con:sampleInterval><con:calculateTPSOnTimePassed>true</con:calculateTPSOnTimePassed><con:resetStatisticsOnThreadCountChange>true</con:resetStatisticsOnThreadCountChange><con:historyLimit>-1</con:historyLimit><con:testLimit>60</con:testLimit><con:limitType>TIME</con:limitType><con:loadStrategy><con:type>Simple</con:type></con:loadStrategy><con:assertion type="Step Status" name="Step Status"/><con:maxAssertionErrors>100</con:maxAssertionErrors><con:cancelExcessiveThreads>true</con:cancelExcessiveThreads><con:strategyInterval>500</con:strategyInterval></con:loadTest><con:properties/></con:testCase><con:properties/></con:testSuite><con:properties/><con:wssContainer/><con:oAuth2ProfileContainer/><con:oAuth1ProfileContainer/><con:sensitiveInformation/></con:soapui-project>