<?xml version="1.0" encoding="UTF-8"?>
<con:soapui-project id="324e53bd-5a65-4478-ab70-8956b03ec9da" activeEnvironment="Default" name="SOAP Project" resourceRoot="${projectDir}" soapui-version="5.7.0" abortOnError="false" runType="SEQUENTIAL" xmlns:con="http://eviware.com/soapui/config"><con:settings/><con:interface xsi:type="con:WsdlInterface" id="b0ce5696-09ca-4ca4-9167-d16c3d41696c" wsaVersion="NONE" name="Application" type="wsdl" bindingName="{country.soap.ws.api}Application" soapVersion="1_1" anonymous="optional" definition="http://localhost:8000/soap/?wsdl" xmlns:xsi="http://www.w3.org/2001/XMLSchema-instance"><con:settings/><con:definitionCache type="TEXT" rootPart="http://localhost:8000/soap/?wsdl"><con:part><con:url>http://localhost:8000/soap/?wsdl</con:url><con:content><![CDATA[<wsdl:definitions targetNamespace="country.soap.ws.api" name="Application" xmlns:xs="http://www.w3.org/2001/XMLSchema" xmlns:xsi="http://www.w3.org/2001/XMLSchema-instance" xmlns:plink="http://schemas.xmlsoap.org/ws/2003/05/partner-link/" xmlns:wsdlsoap11="http://schemas.xmlsoap.org/wsdl/soap/" xmlns:wsdlsoap12="http://schemas.xmlsoap.org/wsdl/soap12/" xmlns:wsdl="http://schemas.xmlsoap.org/wsdl/" xmlns:soap11enc="http://schemas.xmlsoap.org/soap/encoding/" xmlns:soap11env="http://schemas.xmlsoap.org/soap/envelope/" xmlns:soap12env="http://www.w3.org/2003/05/soap-envelope" xmlns:soap12enc="http://www.w3.org/2003/05/soap-encoding" xmlns:wsa="http://schemas.xmlsoap.org/ws/2003/03/addressing" xmlns:xop="http://www.w3.org/2004/08/xop/include" xmlns:http="http://schemas.xmlsoap.org/wsdl/http/" xmlns:tns="country.soap.ws.api" xmlns:s0="soap.views">
  <wsdl:types>
    <xs:schema targetNamespace="country.soap.ws.api" elementFormDefault="qualified">
      <xs:import namespace="soap.views"/>
      <xs:complexType name="getAllCountry"/>
      <xs:complexType name="addCountry">
        <xs:sequence>
          <xs:element name="name" type="xs:string" minOccurs="0" nillable="true"/>
          <xs:element name="capital" type="xs:string" minOccurs="0" nillable="true"/>
          <xs:element name="currency" type="xs:string" minOccurs="0" nillable="true"/>
        </xs:sequence>
      </xs:complexType>
      <xs:complexType name="deleteCountry">
        <xs:sequence>
          <xs:element name="country_id" type="xs:integer" minOccurs="0" nillable="true"/>
        </xs:sequence>
      </xs:complexType>
      <xs:complexType name="getCountryById">
        <xs:sequence>
          <xs:element name="country_id" type="xs:integer" minOccurs="0" nillable="true"/>
        </xs:sequence>
      </xs:complexType>
      <xs:complexType name="updateCountry">
        <xs:sequence>
          <xs:element name="country_id" type="xs:integer" minOccurs="0" nillable="true"/>
          <xs:element name="name" type="xs:string" minOccurs="0" nillable="true"/>
          <xs:element name="capital" type="xs:string" minOccurs="0" nillable="true"/>
          <xs:element name="currency" type="xs:string" minOccurs="0" nillable="true"/>
        </xs:sequence>
      </xs:complexType>
      <xs:complexType name="addCountryResponse">
        <xs:sequence>
          <xs:element name="addCountryResult" type="s0:CountryEntry" minOccurs="0" nillable="true"/>
        </xs:sequence>
      </xs:complexType>
      <xs:complexType name="deleteCountryResponse">
        <xs:sequence>
          <xs:element name="deleteCountryResult" type="s0:CountryEntry" minOccurs="0" nillable="true"/>
        </xs:sequence>
      </xs:complexType>
      <xs:complexType name="getAllCountryResponse">
        <xs:sequence>
          <xs:element name="getAllCountryResult" type="s0:CountryEntryArray" minOccurs="0" nillable="true"/>
        </xs:sequence>
      </xs:complexType>
      <xs:complexType name="getCountryByIdResponse">
        <xs:sequence>
          <xs:element name="getCountryByIdResult" type="s0:CountryEntry" minOccurs="0" nillable="true"/>
        </xs:sequence>
      </xs:complexType>
      <xs:complexType name="updateCountryResponse">
        <xs:sequence>
          <xs:element name="updateCountryResult" type="s0:CountryEntry" minOccurs="0" nillable="true"/>
        </xs:sequence>
      </xs:complexType>
      <xs:element name="getAllCountry" type="tns:getAllCountry"/>
      <xs:element name="addCountry" type="tns:addCountry"/>
      <xs:element name="deleteCountry" type="tns:deleteCountry"/>
      <xs:element name="getCountryById" type="tns:getCountryById"/>
      <xs:element name="updateCountry" type="tns:updateCountry"/>
      <xs:element name="addCountryResponse" type="tns:addCountryResponse"/>
      <xs:element name="deleteCountryResponse" type="tns:deleteCountryResponse"/>
      <xs:element name="getAllCountryResponse" type="tns:getAllCountryResponse"/>
      <xs:element name="getCountryByIdResponse" type="tns:getCountryByIdResponse"/>
      <xs:element name="updateCountryResponse" type="tns:updateCountryResponse"/>
    </xs:schema>
    <xs:schema targetNamespace="soap.views" elementFormDefault="qualified">
      <xs:complexType name="CountryEntry">
        <xs:sequence>
          <xs:element name="country_id" type="xs:integer" minOccurs="0" nillable="true"/>
          <xs:element name="name" type="xs:string" minOccurs="0" nillable="true"/>
          <xs:element name="capital" type="xs:string" minOccurs="0" nillable="true"/>
          <xs:element name="currency" type="xs:string" minOccurs="0" nillable="true"/>
        </xs:sequence>
      </xs:complexType>
      <xs:complexType name="CountryEntryArray">
        <xs:sequence>
          <xs:element name="CountryEntry" type="s0:CountryEntry" minOccurs="0" maxOccurs="unbounded" nillable="true"/>
        </xs:sequence>
      </xs:complexType>
      <xs:element name="CountryEntry" type="s0:CountryEntry"/>
      <xs:element name="CountryEntryArray" type="s0:CountryEntryArray"/>
    </xs:schema>
  </wsdl:types>
  <wsdl:message name="getCountryById">
    <wsdl:part name="getCountryById" element="tns:getCountryById"/>
  </wsdl:message>
  <wsdl:message name="getCountryByIdResponse">
    <wsdl:part name="getCountryByIdResponse" element="tns:getCountryByIdResponse"/>
  </wsdl:message>
  <wsdl:message name="getAllCountry">
    <wsdl:part name="getAllCountry" element="tns:getAllCountry"/>
  </wsdl:message>
  <wsdl:message name="getAllCountryResponse">
    <wsdl:part name="getAllCountryResponse" element="tns:getAllCountryResponse"/>
  </wsdl:message>
  <wsdl:message name="addCountry">
    <wsdl:part name="addCountry" element="tns:addCountry"/>
  </wsdl:message>
  <wsdl:message name="addCountryResponse">
    <wsdl:part name="addCountryResponse" element="tns:addCountryResponse"/>
  </wsdl:message>
  <wsdl:message name="deleteCountry">
    <wsdl:part name="deleteCountry" element="tns:deleteCountry"/>
  </wsdl:message>
  <wsdl:message name="deleteCountryResponse">
    <wsdl:part name="deleteCountryResponse" element="tns:deleteCountryResponse"/>
  </wsdl:message>
  <wsdl:message name="updateCountry">
    <wsdl:part name="updateCountry" element="tns:updateCountry"/>
  </wsdl:message>
  <wsdl:message name="updateCountryResponse">
    <wsdl:part name="updateCountryResponse" element="tns:updateCountryResponse"/>
  </wsdl:message>
  <wsdl:service name="SIInterfaceForADC">
    <wsdl:port name="Application" binding="tns:Application">
      <wsdlsoap11:address location="http://127.0.0.1:8000/soap/"/>
    </wsdl:port>
  </wsdl:service>
  <wsdl:portType name="Application">
    <wsdl:operation name="getCountryById" parameterOrder="getCountryById">
      <wsdl:input name="getCountryById" message="tns:getCountryById"/>
      <wsdl:output name="getCountryByIdResponse" message="tns:getCountryByIdResponse"/>
    </wsdl:operation>
    <wsdl:operation name="getAllCountry" parameterOrder="getAllCountry">
      <wsdl:input name="getAllCountry" message="tns:getAllCountry"/>
      <wsdl:output name="getAllCountryResponse" message="tns:getAllCountryResponse"/>
    </wsdl:operation>
    <wsdl:operation name="addCountry" parameterOrder="addCountry">
      <wsdl:input name="addCountry" message="tns:addCountry"/>
      <wsdl:output name="addCountryResponse" message="tns:addCountryResponse"/>
    </wsdl:operation>
    <wsdl:operation name="deleteCountry" parameterOrder="deleteCountry">
      <wsdl:input name="deleteCountry" message="tns:deleteCountry"/>
      <wsdl:output name="deleteCountryResponse" message="tns:deleteCountryResponse"/>
    </wsdl:operation>
    <wsdl:operation name="updateCountry" parameterOrder="updateCountry">
      <wsdl:input name="updateCountry" message="tns:updateCountry"/>
      <wsdl:output name="updateCountryResponse" message="tns:updateCountryResponse"/>
    </wsdl:operation>
  </wsdl:portType>
  <wsdl:binding name="Application" type="tns:Application">
    <wsdlsoap11:binding style="document" transport="http://schemas.xmlsoap.org/soap/http"/>
    <wsdl:operation name="getCountryById">
      <wsdlsoap11:operation soapAction="getCountryById" style="document"/>
      <wsdl:input name="getCountryById">
        <wsdlsoap11:body use="literal"/>
      </wsdl:input>
      <wsdl:output name="getCountryByIdResponse">
        <wsdlsoap11:body use="literal"/>
      </wsdl:output>
    </wsdl:operation>
    <wsdl:operation name="getAllCountry">
      <wsdlsoap11:operation soapAction="getAllCountry" style="document"/>
      <wsdl:input name="getAllCountry">
        <wsdlsoap11:body use="literal"/>
      </wsdl:input>
      <wsdl:output name="getAllCountryResponse">
        <wsdlsoap11:body use="literal"/>
      </wsdl:output>
    </wsdl:operation>
    <wsdl:operation name="addCountry">
      <wsdlsoap11:operation soapAction="addCountry" style="document"/>
      <wsdl:input name="addCountry">
        <wsdlsoap11:body use="literal"/>
      </wsdl:input>
      <wsdl:output name="addCountryResponse">
        <wsdlsoap11:body use="literal"/>
      </wsdl:output>
    </wsdl:operation>
    <wsdl:operation name="deleteCountry">
      <wsdlsoap11:operation soapAction="deleteCountry" style="document"/>
      <wsdl:input name="deleteCountry">
        <wsdlsoap11:body use="literal"/>
      </wsdl:input>
      <wsdl:output name="deleteCountryResponse">
        <wsdlsoap11:body use="literal"/>
      </wsdl:output>
    </wsdl:operation>
    <wsdl:operation name="updateCountry">
      <wsdlsoap11:operation soapAction="updateCountry" style="document"/>
      <wsdl:input name="updateCountry">
        <wsdlsoap11:body use="literal"/>
      </wsdl:input>
      <wsdl:output name="updateCountryResponse">
        <wsdlsoap11:body use="literal"/>
      </wsdl:output>
    </wsdl:operation>
  </wsdl:binding>
</wsdl:definitions>]]></con:content><con:type>http://schemas.xmlsoap.org/wsdl/</con:type></con:part></con:definitionCache><con:endpoints><con:endpoint>http://127.0.0.1:8000/soap/</con:endpoint></con:endpoints><con:operation id="a750d136-7240-491b-9234-acf288904407" isOneWay="false" action="addCountry" name="addCountry" bindingOperationName="addCountry" type="Request-Response" outputName="addCountryResponse" inputName="addCountry" receivesAttachments="false" sendsAttachments="false" anonymous="optional"><con:settings/><con:call id="74a7ba8a-14a2-4a8c-aa2a-17026db0d00f" name="Request 1"><con:settings/><con:encoding>UTF-8</con:encoding><con:endpoint>http://127.0.0.1:8000/soap/</con:endpoint><con:request><![CDATA[<soapenv:Envelope xmlns:soapenv="http://schemas.xmlsoap.org/soap/envelope/" xmlns:coun="country.soap.ws.api">
   <soapenv:Header/>
   <soapenv:Body>
      <coun:addCountry>
         <!--Optional:-->
         <coun:name>?</coun:name>
         <!--Optional:-->
         <coun:capital>?</coun:capital>
         <!--Optional:-->
         <coun:currency>?</coun:currency>
      </coun:addCountry>
   </soapenv:Body>
</soapenv:Envelope>]]></con:request><con:credentials><con:authType>No Authorization</con:authType></con:credentials><con:jmsConfig JMSDeliveryMode="PERSISTENT"/><con:jmsPropertyConfig/><con:wsaConfig mustUnderstand="NONE" version="200508" action="addCountry"/><con:wsrmConfig version="1.2"/></con:call></con:operation><con:operation id="bb77e942-7e9d-40ad-99d4-4c2860e6cc33" isOneWay="false" action="deleteCountry" name="deleteCountry" bindingOperationName="deleteCountry" type="Request-Response" outputName="deleteCountryResponse" inputName="deleteCountry" receivesAttachments="false" sendsAttachments="false" anonymous="optional"><con:settings/><con:call id="2f9f66f6-f9c4-4800-a017-1e4abc5ee87e" name="Request 1"><con:settings/><con:encoding>UTF-8</con:encoding><con:endpoint>http://127.0.0.1:8000/soap/</con:endpoint><con:request><![CDATA[<soapenv:Envelope xmlns:soapenv="http://schemas.xmlsoap.org/soap/envelope/" xmlns:coun="country.soap.ws.api">
   <soapenv:Header/>
   <soapenv:Body>
      <coun:deleteCountry>
         <!--Optional:-->
         <coun:country_id>?</coun:country_id>
      </coun:deleteCountry>
   </soapenv:Body>
</soapenv:Envelope>]]></con:request><con:wsaConfig mustUnderstand="NONE" version="200508" action="deleteCountry"/></con:call></con:operation><con:operation id="3aa48136-d4d0-4b58-b9f2-f072b98c8e88" isOneWay="false" action="getAllCountry" name="getAllCountry" bindingOperationName="getAllCountry" type="Request-Response" outputName="getAllCountryResponse" inputName="getAllCountry" receivesAttachments="false" sendsAttachments="false" anonymous="optional"><con:settings/><con:call id="2ff8f3d8-61a9-4501-9207-d45500ceb852" name="Request 1"><con:settings><con:setting id="com.eviware.soapui.impl.wsdl.WsdlRequest@request-headers">&lt;xml-fragment/></con:setting></con:settings><con:encoding>UTF-8</con:encoding><con:endpoint>http://127.0.0.1:8000/soap/</con:endpoint><con:request><![CDATA[<soapenv:Envelope xmlns:soapenv="http://schemas.xmlsoap.org/soap/envelope/" xmlns:coun="country.soap.ws.api">
   <soapenv:Header/>
   <soapenv:Body>
      <coun:getAllCountry/>
   </soapenv:Body>
</soapenv:Envelope>]]></con:request><con:credentials><con:authType>No Authorization</con:authType></con:credentials><con:jmsConfig JMSDeliveryMode="PERSISTENT"/><con:jmsPropertyConfig/><con:wsaConfig mustUnderstand="NONE" version="200508" action="getAllCountry"/><con:wsrmConfig version="1.2"/></con:call></con:operation><con:operation id="2efcfaa2-1947-4c25-b900-b867b9480e22" isOneWay="false" action="getCountryById" name="getCountryById" bindingOperationName="getCountryById" type="Request-Response" outputName="getCountryByIdResponse" inputName="getCountryById" receivesAttachments="false" sendsAttachments="false" anonymous="optional"><con:settings/><con:call id="997f8714-99be-4572-9d79-9f7d3be2aaf3" name="Request 1"><con:settings><con:setting id="com.eviware.soapui.impl.wsdl.WsdlRequest@request-headers">&lt;xml-fragment/></con:setting></con:settings><con:encoding>UTF-8</con:encoding><con:endpoint>http://127.0.0.1:8000/soap/</con:endpoint><con:request><![CDATA[<soapenv:Envelope xmlns:soapenv="http://schemas.xmlsoap.org/soap/envelope/" xmlns:coun="country.soap.ws.api">
   <soapenv:Header/>
   <soapenv:Body>
      <coun:getCountryById>
         <!--Optional:-->
         <coun:country_id>8111</coun:country_id>
      </coun:getCountryById>
   </soapenv:Body>
</soapenv:Envelope>]]></con:request><con:credentials><con:authType>No Authorization</con:authType></con:credentials><con:jmsConfig JMSDeliveryMode="PERSISTENT"/><con:jmsPropertyConfig/><con:wsaConfig mustUnderstand="NONE" version="200508" action="getCountryById"/><con:wsrmConfig version="1.2"/></con:call></con:operation><con:operation id="307ca700-c9c6-41ea-9d2f-ebae7d333b2d" isOneWay="false" action="updateCountry" name="updateCountry" bindingOperationName="updateCountry" type="Request-Response" outputName="updateCountryResponse" inputName="updateCountry" receivesAttachments="false" sendsAttachments="false" anonymous="optional"><con:settings/><con:call id="29374869-73fa-4734-aefd-968c83875816" name="Request 1"><con:settings><con:setting id="com.eviware.soapui.impl.wsdl.WsdlRequest@request-headers">&lt;xml-fragment/></con:setting></con:settings><con:encoding>UTF-8</con:encoding><con:endpoint>http://127.0.0.1:8000/soap/</con:endpoint><con:request><![CDATA[<soapenv:Envelope xmlns:soapenv="http://schemas.xmlsoap.org/soap/envelope/" xmlns:coun="country.soap.ws.api">
   <soapenv:Header/>
   <soapenv:Body>
      <coun:updateCountry>
         <!--Optional:-->
         <coun:country_id>1</coun:country_id>
         <!--Optional:-->
         <coun:name>China</coun:name>
         <!--Optional:-->
         <coun:capital>Beijing</coun:capital>
         <!--Optional:-->
         <coun:currency>CNY</coun:currency>
      </coun:updateCountry>
   </soapenv:Body>
</soapenv:Envelope>]]></con:request><con:credentials><con:authType>No Authorization</con:authType></con:credentials><con:jmsConfig JMSDeliveryMode="PERSISTENT"/><con:jmsPropertyConfig/><con:wsaConfig mustUnderstand="NONE" version="200508" action="updateCountry"/><con:wsrmConfig version="1.2"/></con:call></con:operation></con:interface><con:testSuite id="db2e83f3-c7b9-4d13-a984-4d54a520d3e5" name="Application TestSuite"><con:settings/><con:runType>SEQUENTIAL</con:runType><con:testCase id="47efabdb-fcc0-479e-b8b7-c07e208ba1bb" failOnError="true" failTestCaseOnErrors="true" keepSession="false" maxResults="0" name="addCountry TestCase" searchProperties="true"><con:settings/><con:testStep type="request" id="8f11f6bf-ebea-415a-a2af-de8ab5a1382a" name="addCountry"><con:settings/><con:config xsi:type="con:RequestStep" xmlns:xsi="http://www.w3.org/2001/XMLSchema-instance"><con:interface>Application</con:interface><con:operation>addCountry</con:operation><con:request name="addCountry" id="5260ed87-6e02-4973-a13a-b5ebf87e7280"><con:settings><con:setting id="com.eviware.soapui.impl.wsdl.WsdlRequest@request-headers">&lt;xml-fragment/></con:setting></con:settings><con:encoding>UTF-8</con:encoding><con:endpoint>http://127.0.0.1:8000/soap/</con:endpoint><con:request><![CDATA[<soapenv:Envelope xmlns:soapenv="http://schemas.xmlsoap.org/soap/envelope/" xmlns:coun="country.soap.ws.api">
   <soapenv:Header/>
   <soapenv:Body>
      <coun:addCountry>
         <!--Optional:-->
         <coun:name>TO</coun:name>
         <!--Optional:-->
         <coun:capital>JPY</coun:capital>
         <!--Optional:-->
         <coun:currency>JPY</coun:currency>
      </coun:addCountry>
   </soapenv:Body>
</soapenv:Envelope>]]></con:request><con:credentials><con:authType>No Authorization</con:authType></con:credentials><con:jmsConfig JMSDeliveryMode="PERSISTENT"/><con:jmsPropertyConfig/><con:wsaConfig action="addCountry" mustUnderstand="NONE" version="200508"/><con:wsrmConfig version="1.2"/></con:request></con:config></con:testStep><con:loadTest id="29fc53e9-ca27-442b-a872-c883f6d8ee17" name="LoadTest 1"><con:settings><con:setting id="HttpSettings@close-connections">false</con:setting></con:settings><con:threadCount>100</con:threadCount><con:startDelay>0</con:startDelay><con:sampleInterval>250</con:sampleInterval><con:calculateTPSOnTimePassed>true</con:calculateTPSOnTimePassed><con:resetStatisticsOnThreadCountChange>true</con:resetStatisticsOnThreadCountChange><con:historyLimit>-1</con:historyLimit><con:testLimit>60</con:testLimit><con:limitType>TIME</con:limitType><con:loadStrategy><con:type>Simple</con:type></con:loadStrategy><con:assertion type="Step Status" name="Step Status"/><con:maxAssertionErrors>100</con:maxAssertionErrors><con:cancelExcessiveThreads>true</con:cancelExcessiveThreads><con:strategyInterval>500</con:strategyInterval></con:loadTest><con:properties/></con:testCase><con:testCase id="8a808a8e-6c2a-49e0-a4f8-8283c25cde0d" failOnError="true" failTestCaseOnErrors="true" keepSession="false" maxResults="0" name="deleteCountry TestCase" searchProperties="true"><con:settings/><con:testStep type="request" id="566ed44c-a935-4f5b-b16a-ab85cdd7e264" name="deleteCountry"><con:settings/><con:config xsi:type="con:RequestStep" xmlns:xsi="http://www.w3.org/2001/XMLSchema-instance"><con:interface>Application</con:interface><con:operation>deleteCountry</con:operation><con:request name="deleteCountry" id="5063ad41-ce87-4423-a96a-f39cb972ec17"><con:settings><con:setting id="com.eviware.soapui.impl.wsdl.WsdlRequest@request-headers">&lt;xml-fragment/></con:setting></con:settings><con:encoding>UTF-8</con:encoding><con:endpoint>http://127.0.0.1:8000/soap/</con:endpoint><con:request><![CDATA[<soapenv:Envelope xmlns:soapenv="http://schemas.xmlsoap.org/soap/envelope/" xmlns:coun="country.soap.ws.api">
   <soapenv:Header/>
   <soapenv:Body>
      <coun:deleteCountry>
         <!--Optional:-->
         <coun:country_id>12001</coun:country_id>
      </coun:deleteCountry>
   </soapenv:Body>
</soapenv:Envelope>]]></con:request><con:credentials><con:authType>No Authorization</con:authType></con:credentials><con:jmsConfig JMSDeliveryMode="PERSISTENT"/><con:jmsPropertyConfig/><con:wsaConfig action="deleteCountry" mustUnderstand="NONE" version="200508"/><con:wsrmConfig version="1.2"/></con:request></con:config></con:testStep><con:loadTest id="03c99d44-0156-4975-b069-c075305925ea" name="LoadTest 1"><con:settings><con:setting id="HttpSettings@close-connections">false</con:setting></con:settings><con:threadCount>100</con:threadCount><con:startDelay>0</con:startDelay><con:sampleInterval>250</con:sampleInterval><con:calculateTPSOnTimePassed>true</con:calculateTPSOnTimePassed><con:resetStatisticsOnThreadCountChange>true</con:resetStatisticsOnThreadCountChange><con:historyLimit>-1</con:historyLimit><con:testLimit>60</con:testLimit><con:limitType>TIME</con:limitType><con:loadStrategy><con:type>Simple</con:type></con:loadStrategy><con:assertion type="Step Status" name="Step Status"/><con:maxAssertionErrors>100</con:maxAssertionErrors><con:cancelExcessiveThreads>true</con:cancelExcessiveThreads><con:strategyInterval>500</con:strategyInterval></con:loadTest><con:properties/></con:testCase><con:testCase id="e00d3e00-cf48-40d5-a7e7-50cd1254c93e" failOnError="true" failTestCaseOnErrors="true" keepSession="false" maxResults="0" name="getAllCountry TestCase" searchProperties="true"><con:settings/><con:testStep type="request" id="3f269689-83b5-45db-b379-06da1193171f" name="getAllCountry"><con:settings/><con:config xsi:type="con:RequestStep" xmlns:xsi="http://www.w3.org/2001/XMLSchema-instance"><con:interface>Application</con:interface><con:operation>getAllCountry</con:operation><con:request name="getAllCountry" id="6b6a8fe1-2286-4e6e-9b12-2303ea294a83"><con:settings/><con:encoding>UTF-8</con:encoding><con:endpoint>http://127.0.0.1:8000/soap/</con:endpoint><con:request><![CDATA[<soapenv:Envelope xmlns:soapenv="http://schemas.xmlsoap.org/soap/envelope/" xmlns:coun="country.soap.ws.api">
   <soapenv:Header/>
   <soapenv:Body>
      <coun:getAllCountry/>
   </soapenv:Body>
</soapenv:Envelope>]]></con:request><con:credentials><con:authType>No Authorization</con:authType></con:credentials><con:wsaConfig action="getAllCountry"/></con:request></con:config></con:testStep><con:loadTest id="307ca4a0-0e83-4534-8340-801ab3132860" name="LoadTest 1"><con:settings><con:setting id="HttpSettings@close-connections">false</con:setting></con:settings><con:threadCount>5</con:threadCount><con:startDelay>0</con:startDelay><con:sampleInterval>250</con:sampleInterval><con:calculateTPSOnTimePassed>true</con:calculateTPSOnTimePassed><con:resetStatisticsOnThreadCountChange>true</con:resetStatisticsOnThreadCountChange><con:historyLimit>-1</con:historyLimit><con:testLimit>60</con:testLimit><con:limitType>TIME</con:limitType><con:loadStrategy><con:type>Simple</con:type></con:loadStrategy><con:assertion type="Step Status" name="Step Status"/><con:maxAssertionErrors>100</con:maxAssertionErrors><con:cancelExcessiveThreads>true</con:cancelExcessiveThreads><con:strategyInterval>500</con:strategyInterval></con:loadTest><con:properties/></con:testCase><con:testCase id="cedc1d76-91d7-48c5-b25b-8409c0348883" failOnError="true" failTestCaseOnErrors="true" keepSession="false" maxResults="0" name="getCountryById TestCase" searchProperties="true"><con:settings/><con:testStep type="request" id="d1a12bd2-882d-4775-914d-455989ba6ffd" name="getCountryById"><con:settings/><con:config xsi:type="con:RequestStep" xmlns:xsi="http://www.w3.org/2001/XMLSchema-instance"><con:interface>Application</con:interface><con:operation>getCountryById</con:operation><con:request name="getCountryById" id="c8aeaf12-3031-43d0-9627-a20d048104c5"><con:settings><con:setting id="com.eviware.soapui.impl.wsdl.WsdlRequest@request-headers">&lt;xml-fragment/></con:setting></con:settings><con:encoding>UTF-8</con:encoding><con:endpoint>http://127.0.0.1:8000/soap/</con:endpoint><con:request><![CDATA[<soapenv:Envelope xmlns:soapenv="http://schemas.xmlsoap.org/soap/envelope/" xmlns:coun="country.soap.ws.api">
   <soapenv:Header/>
   <soapenv:Body>
      <coun:getCountryById>
         <!--Optional:-->
         <coun:country_id>1001</coun:country_id>
      </coun:getCountryById>
   </soapenv:Body>
</soapenv:Envelope>]]></con:request><con:credentials><con:authType>No Authorization</con:authType></con:credentials><con:jmsConfig JMSDeliveryMode="PERSISTENT"/><con:jmsPropertyConfig/><con:wsaConfig action="getCountryById" mustUnderstand="NONE" version="200508"/><con:wsrmConfig version="1.2"/></con:request></con:config></con:testStep><con:loadTest id="8b44f788-f4ba-45b1-ab1e-9707a17c5345" name="LoadTest 1"><con:settings><con:setting id="HttpSettings@close-connections">false</con:setting></con:settings><con:threadCount>100</con:threadCount><con:startDelay>0</con:startDelay><con:sampleInterval>250</con:sampleInterval><con:calculateTPSOnTimePassed>true</con:calculateTPSOnTimePassed><con:resetStatisticsOnThreadCountChange>true</con:resetStatisticsOnThreadCountChange><con:historyLimit>-1</con:historyLimit><con:testLimit>60</con:testLimit><con:limitType>TIME</con:limitType><con:loadStrategy><con:type>Simple</con:type></con:loadStrategy><con:assertion type="Step Status" name="Step Status"/><con:maxAssertionErrors>100</con:maxAssertionErrors><con:cancelExcessiveThreads>true</con:cancelExcessiveThreads><con:strategyInterval>500</con:strategyInterval></con:loadTest><con:properties/></con:testCase><con:testCase id="5e6d0930-2863-4d6f-bda1-6739ac0c8d90" failOnError="true" failTestCaseOnErrors="true" keepSession="false" maxResults="0" name="updateCountry TestCase" searchProperties="true"><con:settings/><con:testStep type="request" id="cabe9ba7-1936-408c-bf59-05ca72ddad8e" name="updateCountry"><con:settings/><con:config xsi:type="con:RequestStep" xmlns:xsi="http://www.w3.org/2001/XMLSchema-instance"><con:interface>Application</con:interface><con:operation>updateCountry</con:operation><con:request name="updateCountry" id="3686ecfa-0989-4b58-b433-8e4794933dbc"><con:settings><con:setting id="com.eviware.soapui.impl.wsdl.WsdlRequest@request-headers">&lt;xml-fragment/></con:setting></con:settings><con:encoding>UTF-8</con:encoding><con:endpoint>http://127.0.0.1:8000/soap/</con:endpoint><con:request><![CDATA[<soapenv:Envelope xmlns:soapenv="http://schemas.xmlsoap.org/soap/envelope/" xmlns:coun="country.soap.ws.api">
   <soapenv:Header/>
   <soapenv:Body>
      <coun:updateCountry>
         <!--Optional:-->
         <coun:country_id>1001</coun:country_id>
         <!--Optional:-->
         <coun:name>TK</coun:name>
         <!--Optional:-->
         <coun:capital>JJJ</coun:capital>
         <!--Optional:-->
         <coun:currency>USD</coun:currency>
      </coun:updateCountry>
   </soapenv:Body>
</soapenv:Envelope>]]></con:request><con:credentials><con:authType>No Authorization</con:authType></con:credentials><con:jmsConfig JMSDeliveryMode="PERSISTENT"/><con:jmsPropertyConfig/><con:wsaConfig action="updateCountry" mustUnderstand="NONE" version="200508"/><con:wsrmConfig version="1.2"/></con:request></con:config></con:testStep><con:loadTest id="d8887229-261e-4613-8af9-ab6e5005aebc" name="LoadTest 1"><con:settings><con:setting id="HttpSettings@close-connections">false</con:setting></con:settings><con:threadCount>100</con:threadCount><con:startDelay>0</con:startDelay><con:sampleInterval>250</con:sampleInterval><con:calculateTPSOnTimePassed>true</con:calculateTPSOnTimePassed><con:resetStatisticsOnThreadCountChange>true</con:resetStatisticsOnThreadCountChange><con:historyLimit>-1</con:historyLimit><con:testLimit>60</con:testLimit><con:limitType>TIME</con:limitType><con:loadStrategy><con:type>Simple</con:type></con:loadStrategy><con:assertion type="Step Status" name="Step Status"/><con:maxAssertionErrors>100</con:maxAssertionErrors><con:cancelExcessiveThreads>true</con:cancelExcessiveThreads><con:strategyInterval>500</con:strategyInterval></con:loadTest><con:properties/></con:testCase><con:properties/></con:testSuite><con:properties/><con:wssContainer/><con:oAuth2ProfileContainer/><con:oAuth1ProfileContainer/><con:sensitiveInformation/></con:soapui-project>